epoch,time,train/box_loss,train/cls_loss,train/dfl_loss,metrics/precision(B),metrics/recall(B),metrics/mAP50(B),metrics/mAP50-95(B),val/box_loss,val/cls_loss,val/dfl_loss,lr/pg0,lr/pg1,lr/pg2
1,41.3539,2.02126,14.8851,1.47753,0,0,0,0,nan,nan,nan,0.0554839,0.00494624,0.00494624
2,74.7133,1.92033,7.33912,1.41452,0.24183,0.01587,0.01029,0.00531,3.01192,51.0464,4.62826,0.0103854,0.00984777,0.00984777
3,108.017,1.75322,6.41449,1.33081,0.11111,0.00067,0.05589,0.02236,2.19536,18.3477,1.64705,0.009802,0.009802,0.009802
4,141.575,1.67801,5.29759,1.27145,0.48871,0.34401,0.38852,0.19846,1.67234,5.5937,1.30003,0.009703,0.009703,0.009703
5,175.046,1.6621,5.18936,1.28449,0.09259,0.00149,0.0469,0.01559,1.97456,14.454,1.46337,0.009604,0.009604,0.009604
6,208.406,1.63513,4.86576,1.24442,0.4454,0.76569,0.62329,0.31487,1.53095,5.6395,1.2153,0.009505,0.009505,0.009505
7,241.932,1.52757,3.98478,1.18559,0.59769,0.72611,0.64523,0.34149,1.54717,3.91717,1.21208,0.009406,0.009406,0.009406
8,275.445,1.58956,3.93416,1.20925,0.11111,0.00074,0.05592,0.03355,2.69436,17.5292,1.88876,0.009307,0.009307,0.009307
9,309.068,1.49263,3.59782,1.16984,0.63245,0.70489,0.6483,0.35837,1.49082,4.48913,1.18755,0.009208,0.009208,0.009208
10,342.74,1.49455,3.36041,1.17798,0.70956,0.75957,0.72008,0.40063,1.52163,3.71715,1.20668,0.009109,0.009109,0.009109
11,376.469,1.4671,3.1599,1.17072,0.7294,0.78713,0.80896,0.44577,1.48196,3.5349,1.2052,0.00901,0.00901,0.00901
12,410.309,1.48247,3.00159,1.17055,0.85402,0.90173,0.93644,0.51185,1.4184,2.83523,1.16177,0.008911,0.008911,0.008911
13,444.011,1.51261,2.95596,1.17479,0.75602,0.87673,0.8888,0.48889,1.42536,3.11672,1.16613,0.008812,0.008812,0.008812
14,477.547,1.45655,2.82401,1.1712,0.89846,0.86859,0.93348,0.53405,1.4021,2.77477,1.16043,0.008713,0.008713,0.008713
15,511.328,1.4777,2.83033,1.16259,0.90901,0.90183,0.95571,0.52119,1.50968,2.74593,1.19223,0.008614,0.008614,0.008614
16,544.855,1.45235,2.6776,1.16528,0.91937,0.91895,0.95398,0.53824,1.43077,2.61145,1.16075,0.008515,0.008515,0.008515
17,578.59,1.43528,2.66297,1.1556,0.92952,0.92703,0.96376,0.55716,1.41621,2.5509,1.16115,0.008416,0.008416,0.008416
18,612.352,1.42502,2.51592,1.15247,0.90267,0.91998,0.96037,0.5534,1.43182,2.49769,1.15248,0.008317,0.008317,0.008317
19,645.866,1.4296,2.58555,1.14769,0.89901,0.90026,0.9478,0.53574,1.44026,2.57337,1.16968,0.008218,0.008218,0.008218
20,679.515,1.44062,2.509,1.1458,0.90352,0.93579,0.96086,0.55317,1.44062,2.46131,1.15718,0.008119,0.008119,0.008119
21,713.051,1.46199,2.54182,1.15597,0.92143,0.91914,0.96274,0.54697,1.43843,2.47058,1.16044,0.00802,0.00802,0.00802
22,746.854,1.40549,2.38185,1.13177,0.96057,0.94053,0.97191,0.56396,1.42497,2.32154,1.1504,0.007921,0.007921,0.007921
23,780.72,1.41702,2.44671,1.15213,0.94606,0.95793,0.97616,0.55723,1.41403,2.3503,1.15435,0.007822,0.007822,0.007822
24,814.24,1.41289,2.33712,1.14357,0.84669,0.83655,0.86364,0.49057,1.48887,2.80993,1.18258,0.007723,0.007723,0.007723
25,847.738,1.42644,2.2862,1.13598,0.96307,0.95463,0.97883,0.55733,1.41382,2.29062,1.14472,0.007624,0.007624,0.007624
26,881.164,1.42638,2.32385,1.12761,0.82466,0.77732,0.82197,0.46183,1.56554,3.12601,1.22717,0.007525,0.007525,0.007525
27,915.008,1.40811,2.22405,1.12388,0.92906,0.9471,0.97531,0.56032,1.42946,2.31602,1.15145,0.007426,0.007426,0.007426
28,948.762,1.39554,2.25851,1.12901,0.95598,0.95275,0.97742,0.57247,1.39304,2.23674,1.14188,0.007327,0.007327,0.007327
29,982.988,1.37606,2.36267,1.11975,0.94154,0.9464,0.97775,0.55548,1.43257,2.32041,1.16028,0.007228,0.007228,0.007228
30,1016.59,1.38465,2.25961,1.12091,0.94719,0.9485,0.97532,0.57353,1.40614,2.1929,1.15101,0.007129,0.007129,0.007129
31,1050.29,1.37835,2.16221,1.11889,0.96047,0.95481,0.97576,0.55846,1.41985,2.17373,1.15703,0.00703,0.00703,0.00703
32,1083.94,1.38787,2.28711,1.12418,0.87687,0.9064,0.94128,0.53395,1.44587,2.42616,1.15861,0.006931,0.006931,0.006931
33,1117.47,1.42196,2.35197,1.13139,0.93261,0.95012,0.97153,0.5548,1.45478,2.37869,1.17413,0.006832,0.006832,0.006832
34,1151,1.40966,2.26364,1.13648,0.80771,0.72704,0.78101,0.44469,1.54508,3.38462,1.26155,0.006733,0.006733,0.006733
35,1184.76,1.39544,2.25037,1.14406,0.84674,0.8427,0.86633,0.50874,1.45606,2.72085,1.18218,0.006634,0.006634,0.006634
36,1218.64,1.39893,2.14686,1.11821,0.86851,0.79052,0.85196,0.49178,1.49163,2.89677,1.19753,0.006535,0.006535,0.006535
37,1252.23,1.3923,2.13318,1.12824,0.97006,0.95142,0.97493,0.56825,1.41304,2.10793,1.14912,0.006436,0.006436,0.006436
38,1286.04,1.354,2.05808,1.11135,0.85539,0.84287,0.86913,0.50932,1.45587,2.54191,1.16902,0.006337,0.006337,0.006337
39,1319.88,1.34897,2.02156,1.10757,0.96244,0.93098,0.96025,0.561,1.42237,2.07412,1.1539,0.006238,0.006238,0.006238
40,1353.58,1.34912,1.96074,1.10791,0.92883,0.89642,0.93102,0.52162,1.5125,2.32323,1.19251,0.006139,0.006139,0.006139
41,1387.51,1.34606,1.92696,1.0993,0.96197,0.93519,0.96612,0.55488,1.45487,2.05975,1.16778,0.00604,0.00604,0.00604
42,1421.13,1.38818,2.04365,1.11813,0.95858,0.94076,0.96505,0.55678,1.44317,2.09552,1.16186,0.005941,0.005941,0.005941
43,1454.69,1.36925,1.9981,1.11216,0.65257,0.14499,0.40402,0.1975,2.25699,10.1103,1.68488,0.005842,0.005842,0.005842
44,1488.43,1.30399,1.91864,1.07973,0.96816,0.94135,0.96654,0.56891,1.45625,1.98187,1.165,0.005743,0.005743,0.005743
45,1522.13,1.30937,1.9257,1.09671,0.96664,0.95986,0.97703,0.56698,1.44941,1.97958,1.16687,0.005644,0.005644,0.005644
46,1555.57,1.33169,1.89636,1.09723,0.22222,0.00198,0.1121,0.06445,2.72984,12.6366,2.87831,0.005545,0.005545,0.005545
47,1589.28,1.36529,1.97517,1.12266,0.95756,0.96084,0.97789,0.56676,1.47036,1.98304,1.16716,0.005446,0.005446,0.005446
48,1623.06,1.29237,1.8831,1.08221,0.9596,0.94447,0.96277,0.55692,1.4778,2.05019,1.19223,0.005347,0.005347,0.005347
49,1656.96,1.32477,1.82717,1.09675,0.94539,0.92343,0.96633,0.55851,1.49848,2.04313,1.17711,0.005248,0.005248,0.005248
50,1690.87,1.31365,1.87151,1.09075,0.96618,0.96269,0.97854,0.57119,1.4769,1.91992,1.17083,0.005149,0.005149,0.005149
51,1724.61,1.30735,1.85786,1.09406,0.95461,0.94761,0.96987,0.5628,1.48756,1.93513,1.18045,0.00505,0.00505,0.00505
52,1758.32,1.3364,1.8256,1.10911,0.8381,0.71683,0.7962,0.45362,1.6246,2.89954,1.28692,0.004951,0.004951,0.004951
53,1791.89,1.32513,1.77015,1.09773,0.96104,0.96024,0.97476,0.57614,1.46687,1.80103,1.1643,0.004852,0.004852,0.004852
54,1825.73,1.31081,1.71436,1.09529,0.96612,0.95998,0.97778,0.56792,1.4968,1.82432,1.19205,0.004753,0.004753,0.004753
55,1859.53,1.31739,1.73926,1.08433,0.55976,0.16025,0.35623,0.17373,2.47919,9.04452,1.6685,0.004654,0.004654,0.004654
56,1893.82,1.31823,1.71233,1.09816,0.9627,0.95865,0.97394,0.56755,1.49391,1.7985,1.17166,0.004555,0.004555,0.004555
57,1927.5,1.30717,1.68922,1.0898,0.96847,0.95536,0.97326,0.56732,1.48896,1.80777,1.17906,0.004456,0.004456,0.004456
58,1961.02,1.2933,1.69816,1.07896,0.97008,0.96098,0.97888,0.57652,1.4795,1.7779,1.1779,0.004357,0.004357,0.004357
59,1995.03,1.2948,1.67135,1.08618,0.97502,0.95563,0.97535,0.57496,1.48353,1.76161,1.17749,0.004258,0.004258,0.004258
60,2028.85,1.29792,1.68212,1.08057,0.96194,0.94469,0.96856,0.56958,1.48675,1.79968,1.17883,0.004159,0.004159,0.004159
61,2062.7,1.26497,1.63384,1.0655,0.83015,0.70164,0.77449,0.42503,1.75421,2.51261,1.33505,0.00406,0.00406,0.00406
62,2096.34,1.2726,1.6322,1.07845,0.92953,0.9041,0.93431,0.55408,1.50682,1.84716,1.20354,0.003961,0.003961,0.003961
63,2129.81,1.24598,1.6332,1.05218,0.97625,0.9579,0.97811,0.57538,1.48284,1.74814,1.17854,0.003862,0.003862,0.003862
64,2163.46,1.20233,1.60331,1.04853,0.76034,0.7077,0.70735,0.39247,1.68309,4.90131,1.31507,0.003763,0.003763,0.003763
65,2197.05,1.24353,1.59403,1.06502,0.9741,0.95299,0.97686,0.57129,1.49038,1.73028,1.18359,0.003664,0.003664,0.003664
66,2230.73,1.227,1.54093,1.05119,0.97266,0.96361,0.97865,0.56791,1.50951,1.73477,1.19312,0.003565,0.003565,0.003565
67,2264.42,1.22836,1.56189,1.05315,0.96683,0.86546,0.929,0.54285,1.53522,1.98234,1.21455,0.003466,0.003466,0.003466
68,2298.1,1.22064,1.5362,1.04869,0.97318,0.95898,0.97579,0.56414,1.50557,1.70857,1.20019,0.003367,0.003367,0.003367
69,2331.66,1.19752,1.50254,1.0448,0.95519,0.89398,0.93476,0.55202,1.51574,1.86916,1.20268,0.003268,0.003268,0.003268
70,2365.26,1.19562,1.51351,1.04795,0.97846,0.95872,0.97733,0.5724,1.4967,1.70299,1.18878,0.003169,0.003169,0.003169
71,2398.91,1.19573,1.52999,1.04237,0.95198,0.80894,0.8958,0.52113,1.5437,2.28714,1.22557,0.00307,0.00307,0.00307
72,2432.49,1.18947,1.51233,1.03623,0.96625,0.97063,0.97529,0.56756,1.49267,1.71052,1.19141,0.002971,0.002971,0.002971
73,2466.07,1.19859,1.51846,1.05045,0.83488,0.78163,0.82847,0.48051,1.54324,2.35171,1.22511,0.002872,0.002872,0.002872
74,2499.64,1.20744,1.50424,1.04848,0.95796,0.95886,0.96979,0.56435,1.52903,1.72983,1.21446,0.002773,0.002773,0.002773
75,2533.24,1.16053,1.44523,1.03904,0.97678,0.9711,0.97873,0.56468,1.51358,1.65948,1.20894,0.002674,0.002674,0.002674
76,2566.8,1.15607,1.44287,1.02976,0.96885,0.96539,0.97611,0.57033,1.51544,1.65492,1.201,0.002575,0.002575,0.002575
77,2600.45,1.17951,1.45695,1.04424,0.62051,0.4821,0.57996,0.28942,1.94748,3.62311,1.46019,0.002476,0.002476,0.002476
78,2634.01,1.17409,1.46442,1.03575,0.95495,0.93997,0.96331,0.55828,1.51716,1.80325,1.22077,0.002377,0.002377,0.002377
79,2667.67,1.17149,1.44708,1.04162,0.93637,0.79857,0.8803,0.5088,1.53846,2.27174,1.22753,0.002278,0.002278,0.002278
80,2701.24,1.15795,1.44246,1.02817,0.96902,0.97064,0.97642,0.56154,1.53121,1.66431,1.22638,0.002179,0.002179,0.002179
81,2734.93,1.13876,1.41415,1.03577,0.97545,0.96174,0.97778,0.55917,1.54418,1.69833,1.22124,0.00208,0.00208,0.00208
82,2768.63,1.12338,1.40846,1.01536,0.97896,0.9614,0.97606,0.56638,1.53437,1.64964,1.2233,0.001981,0.001981,0.001981
83,2802.27,1.14035,1.40931,1.02835,0.96947,0.94523,0.96689,0.55765,1.55274,1.75002,1.21195,0.001882,0.001882,0.001882
